Id,SalePrice,bhk,sqft,YearBuilt
1461,169277.0525,2,11622,1961
1462,187758.394,3,14267,1958
1463,183583.6836,3,13830,1997
1464,179317.4775,3,9978,1998
1465,150730.08,2,5005,1992
1466,177150.9892,3,10000,1993
1467,172070.6592,3,7980,1992
1468,175110.9565,3,8402,1998
1469,162011.6988,2,10176,1990
1470,160726.2478,2,8400,1970
1471,157933.2795,2,5858,1999
1472,145291.245,2,1680,1971
1473,159672.0176,3,1680,1971
1474,164167.5183,3,2280,1975
1475,150891.6382,2,2280,1975
1476,179460.9652,3,12858,2009
1477,185034.6289,3,12883,2009
1478,182352.1926,3,11520,2005
1479,183053.4582,3,14122,2005
1480,187823.3393,3,14300,2003
1481,186544.1143,3,13650,2002
1482,158230.7752,2,7132,2006
1483,190552.8293,3,18494,2005
1484,147183.6749,2,3203,2006
1485,185855.3009,3,13300,2004
1486,174350.4707,3,8577,2004
1487,201740.6207,4,17433,1998
1488,162986.3789,2,8987,2005
1489,162330.1991,2,9215,2009
1490,165845.9386,2,10440,2005
1491,180929.6229,3,11920,2004
1492,163481.5015,2,9800,1920
1493,187798.0767,3,15410,1974
1494,198822.1989,4,13143,1993
1495,194868.4099,4,11134,1992
1496,152605.2986,2,4835,2004
1497,147797.7028,2,3515,2004
1498,150521.969,2,3215,2004
1499,146991.6302,2,2544,2004
1500,150306.3078,2,2544,2005
1501,151164.3725,2,2980,2000
1502,151133.707,2,2403,2003
1503,156214.0425,1,12853,2010
1504,171992.7607,3,7379,2000
1505,173214.9125,3,8000,2002
1506,192429.1873,4,10456,1967
1507,190878.6951,4,10791,1993
1508,194542.5441,3,18837,1978
1509,191849.4391,4,9600,1971
1510,176363.7739,3,9600,1966
1511,176954.1854,3,9900,1966
1512,176521.217,3,9680,1967
1513,179436.7048,3,10600,1964
1514,220079.7568,6,13260,1962
1515,175502.9181,3,9724,1952
1516,188321.0738,3,17360,1949
1517,163276.3245,2,11380,1966
1518,185911.3663,4,8267,1958
1519,171392.831,3,8197,2003
1520,174418.207,3,8050,1959
1521,179682.7096,3,10725,1959
1522,179423.7516,3,10032,1959
1523,171756.9181,3,8382,1956
1524,166849.6382,2,10950,1952
1525,181122.1687,3,10895,1955
1526,170934.4627,2,13587,1958
1527,159738.2926,2,7898,1920
1528,174445.7596,3,8064,1948
1529,174706.3637,3,7635,1960
1530,164507.6725,2,9760,1963
1531,163602.5122,3,4800,1900
1532,154126.2702,2,4485,1920
1533,171104.8535,3,5805,1957
1534,167735.3927,3,6900,1938
1535,183003.6133,3,11851,1948
1536,172580.3812,3,8239,1920
1537,165407.8891,2,9656,1923
1538,176363.7739,3,9600,1900
1539,175182.9509,3,9000,1890
1540,190757.1778,4,9045,1910
1541,167186.9958,2,10560,1922
1542,167839.3768,3,5830,1950
1543,173912.4212,3,7793,1922
1544,154034.9174,2,5000,1925
1545,156002.9558,2,6000,1939
1546,168173.9433,3,6000,1940
1547,168882.4371,3,6360,1942
1548,168173.9433,3,6000,1948
1549,157580.1776,2,6240,1936
1550,181922.1526,4,6240,1930
1551,155134.2278,2,6120,1923
1552,188885.5733,4,8094,1915
1553,183963.193,3,12900,1912
1554,161298.7623,3,3068,1920
1555,188613.6676,3,15263,1959
1556,175080.1118,3,10632,1917
1557,174744.4003,3,9900,1915
1558,168175.9113,3,6001,1940
1559,182333.4726,4,6449,1907
1560,158307.2067,2,6048,1910
1561,193053.0555,4,10773,1967
1562,175031.09,3,7800,1966
1563,160713.2946,2,7832,1968
1564,173186.215,3,7424,1978
1565,191736.7598,4,11227,1968
1566,170401.631,1,20062,1977
1567,164626.5779,2,9259,1927
1568,205469.4094,4,17082,1978
1569,209561.7842,4,18600,1938
1570,182271.5031,3,11479,1950
1571,178081.5494,3,9350,1947
1572,178425.9561,3,9525,1954
1573,162015.3185,1,17485,2009
1574,181722.4204,3,11200,1964
1575,156705.7302,1,11980,1987
1576,182902.4203,3,12361,1993
1577,157574.5954,2,7360,2010
1578,184380.7391,3,14235,1900
1579,169364.4692,2,11105,1996
1580,175846.1798,3,9337,1997
1581,189673.2953,3,15240,1977
1582,174401.3177,3,7480,1972
1583,179021.4487,3,10389,2003
1584,189196.8453,4,9375,1997
1585,139647.0957,1,4435,2003
1586,161468.1983,2,8777,1945
1587,171557.3232,3,8842,1954
1588,179447.368,3,10044,1968
1589,169611.619,2,11792,1948
1590,172088.8727,3,6305,1975
1591,171190.6241,3,6410,1958
1592,154850.5084,2,4853,1924
1593,158617.6557,2,7890,1939
1594,209258.3369,6,7200,1967
1595,177939.0276,3,9839,1931
1596,194631.1003,4,10452,1941
1597,213618.8716,5,15600,1950
1598,198342.5042,3,19645,1994
1599,138607.9715,1,3907,1989
1600,150778.959,2,3907,1989
1601,146966.2303,1,8154,1941
1602,162182.5962,2,9140,1921
1603,176825.941,3,8712,1896
1604,152799.8124,2,3811,2004
1605,180322.3221,3,11050,1998
1606,177508.0272,3,9620,1977
1607,208029.6427,5,12760,1976
1608,181987.2825,3,11896,2008
1609,160172.728,2,9803,2009
1610,176761.3177,3,9802,2006
1611,176515.4975,2,15300,1965
1612,176270.4531,3,10114,2004
1613,183050.8463,3,11875,1999
1614,150011.1021,2,2394,1973
1615,159270.5378,3,1476,1970
1616,163419.6637,3,1900,1970
1617,163399.9833,3,1890,1972
1618,173364.1615,3,6953,1971
1619,169556.8359,2,12887,1984
1620,183690.596,4,7700,1985
1621,176980.9149,3,10475,1991
1622,204773.3622,5,10544,1969
1623,174728.656,3,9892,1994
1624,181873.4582,3,12961,1993
1625,177322.0008,2,13008,1956
1626,193927.939,4,10200,1974
1627,181715.6227,3,10179,1997
1628,199270.8412,4,11792,2003
1629,177109.59,3,8400,1996
1630,153909.5783,1,7296,2004
1631,162931.2033,2,7380,1998
1632,166386.7567,2,8013,1995
1633,173719.3038,3,8923,1998
1634,179757.9257,3,7500,1998
1635,179007.602,3,8803,1994
1636,180370.8086,3,7250,1993
1637,185102.6167,3,11900,1977
1638,198825.5635,4,13250,1978
1639,184294.576,3,10928,1978
1640,200443.7921,4,12388,1980
1641,181294.7845,3,11088,1978
1642,174354.3363,3,7000,2003
1643,172023.6778,3,7500,2000
1644,181666.9229,3,8470,2002
1645,179024.4913,3,9373,1975
1646,178324.1916,3,10140,1974
1647,184534.6767,3,11050,1975
1648,159397.2504,2,7830,1970
1649,178430.9667,3,8510,1971
1650,177743.7994,3,7038,1970
1651,179395.3055,3,9000,1971
1652,151713.3847,2,1680,1973
1653,151713.3847,2,1680,1972
1654,168434.978,3,2308,1976
1655,153999.1003,2,2280,1975
1656,164096.0974,3,2349,1977
1657,166335.403,3,2364,1978
1658,163020.7254,3,2364,1978
1659,155862.5107,2,2104,1976
1660,182760.6511,3,10710,1966
1661,201912.2706,4,14257,2007
1662,185988.234,3,12350,2009
1663,183778.4489,3,12350,2008
1664,170935.8592,2,13693,2007
1665,184468.9084,3,11578,2008
1666,191569.0897,3,16870,2004
1667,232991.0256,5,23303,2007
1668,180980.7214,3,10367,2008
1669,164279.1305,2,10872,2006
1670,183859.4604,3,13514,2008
1671,185922.4657,3,12878,2003
1672,191742.7781,3,15274,2003
1673,199954.0725,4,13262,2003
1674,180690.2748,3,9658,2006
1675,163099.3096,2,6904,2005
1676,140791.9225,1,5122,2005
1677,166481.8665,2,10307,2007
1678,172080.4345,2,14836,2004
1679,191719.1617,3,15262,2003
1680,160741.0986,2,7390,2008
1681,157829.5469,2,6472,2008
1682,196896.7486,3,16770,2002
1683,159675.424,2,3480,2003
1684,182084.7909,3,10928,2005
1685,179233.9264,3,8918,2005
1686,155774.2709,2,3182,2005
1687,181354.3267,3,9434,2004
1688,179605.5637,3,7984,2004
1689,181609.3487,3,10125,2004
1690,178221.5316,3,8965,2003
1691,175559.9207,3,8174,2003
1692,200328.8228,4,12891,2002
1693,178630.0606,3,9734,2004
1694,177174.5352,3,8433,2000
1695,172515.6874,3,7750,1999
1696,204032.9929,4,15896,1999
1697,176023.2328,3,7848,1999
1698,202202.0733,4,12720,2000
1699,181734.4801,3,10750,1994
1700,183982.159,3,9085,1995
1701,188007.9424,3,11692,1993
1702,185922.9668,3,11194,2008
1703,183978.5449,3,10206,2008
1704,177199.6186,3,10130,2007
1705,181878.648,3,9139,2006
1706,173622.0887,2,11128,2005
1707,180728.1686,3,7993,2008
1708,176477.0266,3,8640,2008
1709,184282.2667,3,12606,2007
1710,162062.4754,2,7500,2006
1711,182550.071,3,10603,2006
1712,180987.9496,3,8125,2008
1713,178173.7976,3,10625,2006
1714,179980.6359,3,8736,2003
1715,173257.6378,3,8127,2003
1716,177271.2911,3,9605,2007
1717,175338.3554,3,7500,2006
1718,177548.1405,3,7500,2004
1719,175969.9166,3,10628,2004
1720,175011.482,3,10141,2004
1721,185199.3726,3,13072,2004
1722,188514.0502,3,13072,2004
1723,185080.1453,3,12450,2003
1724,157304.4026,2,7328,2008
1725,194260.8595,4,11492,1996
1726,181262.33,3,7703,1992
1727,157003.2927,2,7175,1990
1728,182924.4994,3,9109,1994
1729,181902.5864,3,10274,1986
1730,188985.3717,4,8250,1981
1731,185290.9045,3,9750,1962
1732,177304.4258,3,8499,1961
1733,166274.9005,2,9079,1961
1734,177807.4205,3,9316,1965
1735,180330.6248,3,7791,1963
1736,179069.1122,3,7150,1962
1737,175943.3718,2,15676,1980
1738,185199.0506,3,11949,1991
1739,167350.9108,3,2880,2004
1740,149315.3119,2,3830,2008
1741,139010.8478,1,4217,2008
1742,155412.1518,2,2998,2000
1743,171308.314,3,3768,1999
1744,176220.5433,2,14694,1977
1745,177643.435,2,15417,1981
1746,187222.6533,4,9600,1976
1747,185635.1321,3,12732,1974
1748,206492.5342,5,10400,1967
1749,181681.0211,3,9600,1969
1750,180500.1981,3,9000,1969
1751,206486.1709,4,13774,1977
1752,161334.3012,2,7130,1967
1753,176156.5583,3,9600,1967
1754,191642.2235,4,9600,1974
1755,191945.808,3,16500,1971
1756,164146.306,2,7436,1960
1757,179883.0571,3,8125,1959
1758,178071.1377,3,9450,1957
1759,188241.6379,3,13495,1956
1760,174559.6562,3,9350,1961
1761,182347.363,3,10500,1964
1762,191507.2519,4,8970,1965
1763,199751.8656,4,11475,1961
1764,162106.4161,2,9768,1955
1765,164575.9823,2,9900,1967
1766,179176.3522,3,10573,1961
1767,177327.4039,2,14695,1966
1768,177818.0838,3,8760,1956
1769,186965.204,3,12285,1960
1770,178762.7422,3,9240,1959
1771,183322.8661,3,8750,1956
1772,178903.2959,3,8750,1955
1773,186570.1294,3,10400,1956
1774,199144.2428,4,9482,1958
1775,172154.7133,3,8128,1954
1776,177444.0192,2,13070,1951
1777,166200.9381,2,8480,1945
1778,158995.7706,2,7626,1952
1779,168273.2825,2,9533,1953
1780,189680.4531,3,11419,1948
1781,181681.0211,3,9600,1950
1782,160277.1426,2,5470,1958
1783,197318.5472,4,10800,1939
1784,162228.9356,2,8146,1900
1785,187340.4555,3,10230,1925
1786,181065.347,3,10410,1915
1787,190233.6091,4,7200,1910
1788,157929.5949,2,5400,1940
1789,168557.0019,2,10800,1920
1790,160805.5846,1,10800,1890
1791,221648.392,6,9671,1969
1792,180539.8808,3,10143,1963
1793,182105.6163,3,11500,1967
1794,166380.8526,2,8010,1958
1795,178942.1556,3,10454,1957
1796,162804.7478,2,9000,1958
1797,183077.6844,3,8064,1950
1798,171728.472,3,7350,1958
1799,164786.7415,2,7200,1952
1800,177427.2672,3,8000,1959
1801,197318.5472,4,10800,1949
1802,178658.1142,3,8064,1948
1803,185437.3205,4,7570,1964
1804,169759.6525,2,8604,1978
1805,173986.6351,3,7936,1963
1806,168607.6643,3,4080,1935
1807,194138.5191,4,10307,1910
1808,192502.4409,3,15660,1910
1809,176746.9698,3,9900,1910
1810,177604.8917,3,6406,1939
1811,193283.7466,4,7627,1920
1812,181627.061,3,10134,1910
1813,169071.6203,3,6000,1950
1814,167398.0065,2,7404,1920
1815,150106.5051,1,5925,1940
1816,159650.3043,2,8520,1923
1817,179471.236,3,9600,1910
1818,177109.59,3,8400,1900
1819,166558.1133,3,3600,1917
1820,153796.7143,2,3300,1910
1821,174520.1526,3,5400,1920
1822,196297.9583,4,9720,1910
1823,169100.6816,2,9392,1900
1824,176911.3192,3,6615,1923
1825,169234.6455,3,4960,1930
1826,172386.2979,3,6000,1924
1827,156031.9048,2,6120,1925
1828,168202.8923,3,6120,1938
1829,166505.984,2,8635,1925
1830,176507.3702,3,8094,1915
1831,180116.7526,3,9928,1915
1832,183072.7406,4,3000,1922
1833,189595.9647,4,6876,1927
1834,167523.9191,3,5775,1915
1835,210817.7759,6,5852,1902
1836,172942.9308,3,5160,1927
1837,145286.2781,1,5160,1923
1838,176468.6534,3,10320,1915
1839,159040.0696,2,4280,1946
1840,178518.2043,3,10800,1987
1841,169163.9808,2,10547,1978
1842,189786.6853,4,9780,1934
1843,181246.7285,3,11625,1967
1844,176349.9272,3,8014,1978
1845,205266.631,4,15400,1961
1846,187397.9934,3,15312,1960
1847,208943.4277,4,15584,1956
1848,165014.5329,2,9000,1947
1849,182492.0376,2,15635,1954
1850,161718.7126,2,9571,1956
1851,180084.1189,3,9350,1946
1852,178534.9508,3,7440,1954
1853,151217.26,2,4235,1984
1854,156342.7176,1,10778,1990
1855,188511.4438,2,19255,1983
1856,183570.3379,3,10560,1993
1857,225810.1603,4,26400,1880
1858,214217.4011,6,7018,1979
1859,187665.641,4,7018,1979
1860,161157.1777,2,7040,1979
1861,187643.9926,4,7007,1979
1862,228156.3728,6,11855,2000
1863,220449.5347,6,7939,2000
1864,220522.3521,6,7976,2000
1865,156647.7635,1,10933,2009
1866,187388.8334,3,10816,2008
1867,178640.7238,3,9178,2008
1868,180847.2167,3,11422,2007
1869,159505.1705,2,6762,2007
1870,164305.538,2,10324,2008
1871,180181.1967,3,11645,2005
1872,184602.735,3,11646,2005
1873,193440.3722,3,16698,1992
1874,184199.7882,3,9757,1994
1875,196241.8929,3,14753,1998
1876,175588.6183,3,8750,1998
1877,179503.0465,3,10739,2002
1878,183658.0766,3,11166,2001
1879,193700.9763,3,16269,1978
1880,165399.6245,2,6950,1979
1881,186847.9448,3,11664,2002
1882,198127.7329,4,12334,2003
1883,183320.8981,3,8749,2002
1884,181613.6067,3,11250,2001
1885,178298.7918,2,15750,1999
1886,185733.534,3,12782,2002
1887,180008.1885,3,8750,1997
1888,175127.5962,3,10200,2007
1889,183467.1769,3,11069,2007
1890,182705.546,3,10682,1960
1891,152324.9436,2,3675,2005
1892,169878.516,3,6410,1959
1893,183735.9751,3,11767,1950
1894,224118.2801,6,10926,1959
1895,169355.2025,2,11767,1956
1896,180054.2764,3,8212,1941
1897,174081.602,3,6300,1938
1898,168494.985,3,5707,1935
1899,181871.5988,3,8574,1916
1900,173554.4897,3,7155,1918
1901,169805.3822,2,13680,1940
1902,176192.9907,2,14680,1960
1903,204264.3928,5,8145,1940
1904,169630.907,2,9100,1954
1905,185724.8388,3,13339,1960
1906,195699.0363,3,15600,1949
1907,189494.2762,3,17500,1954
1908,149607.9057,2,1733,1980
1909,154650.199,2,1488,1980
1910,151579.5581,2,1612,1980
1911,185147.3805,3,13607,1986
1912,196314.5312,3,17597,1971
1913,210802.3954,5,8660,1900
1914,166271.2864,2,10200,1925
1915,154865.3591,2,3843,2007
1916,173575.5053,1,21780,1910
1917,179399.5636,3,10125,2000
1918,164280.7766,2,9750,1977
1919,171247.4895,2,9360,1977
1920,166878.5872,2,11070,1991
1921,188129.4597,3,13438,2008
1922,183517.3437,3,14463,2008
1923,175522.0269,3,9839,1980
1924,190060.1053,3,14419,1987
1925,174179.8248,3,9157,2003
1926,171059.5237,2,12633,2007
1927,183004.1868,3,12518,1968
1928,183601.6474,3,13383,1969
1929,163539.3272,2,7689,1972
1930,164677.6764,2,7706,1993
1931,162395.0739,2,7669,1992
1932,182207.6323,3,10429,1992
1933,192223.9398,4,10457,1969
1934,176391.8294,3,8702,1997
1935,181913.1791,3,8139,1995
1936,179136.0979,3,9535,1998
1937,196595.5682,3,15038,1996
1938,194822.3657,3,14137,1996
1939,148356.6694,1,6264,1997
1940,160387.6043,2,5070,1992
1941,181276.5006,3,11184,1998
1942,192474.8179,3,14067,1991
1943,157699.9078,2,5950,1989
1944,215785.5408,5,13543,2005
1945,181824.301,2,15401,2004
1946,221813.0095,3,31220,1952
1947,165281.2926,2,8118,2007
1948,255629.4905,3,47280,1950
1949,173154.591,2,12680,1988
1950,183884.6525,3,10825,1983
1951,200210.3536,3,18559,1978
1952,186599.2213,3,14450,1979
1953,192718.5327,3,13068,1976
1954,178628.666,3,10400,1980
1955,180650.3424,3,9743,1969
1956,206003.1079,4,12511,1978
1957,166457.6784,2,10400,1976
1958,202916.2217,4,14311,1996
1959,192463.97,4,9000,1974
1960,171775.4972,2,10295,1969
1961,175249.2221,3,7560,1971
1962,147086.5989,2,1680,1973
1963,149709.6721,2,1890,1972
1964,171411.4045,3,1680,1972
1965,178188.9648,4,2308,1975
1966,156491.7114,2,2529,1977
1967,180953.2412,3,12704,2007
1968,203909.7591,4,13693,2007
1969,175470.1491,2,14418,2007
1970,205578.3336,4,13418,2006
1971,199428.8577,4,12539,2005
1972,187599.1639,3,12151,2005
1973,192265.1981,4,8899,2007
1974,196666.5549,4,10574,2004
1975,155537.8623,1,12720,2003
1976,169543.2406,2,10845,2003
1977,202487.0102,4,16900,2001
1978,208232.7163,4,16451,2003
1979,173621.1952,2,10110,2008
1980,172414.6086,2,12304,2005
1981,164400.7564,2,8232,2007
1982,160480.424,2,6240,2006
1983,156060.8538,2,6240,2006
1984,157437.1928,2,2448,2003
1985,158163.7209,2,3940,2003
1986,154849.0433,2,3940,2004
1987,152186.6093,2,3710,2007
1988,180340.2154,3,9024,2004
1989,178344.6245,3,8010,2002
1990,190170.3823,4,8396,2003
1991,168092.9755,2,7301,2007
1992,178757.9126,3,8220,2000
1993,174518.2569,3,7750,2002
1994,198168.4901,4,12460,1999
1995,176882.694,3,8390,1999
1996,183801.6729,3,9660,1997
1997,196400.0467,4,11000,2000
1998,172281.605,2,11675,1998
1999,196380.3663,4,10990,1996
2000,198228.3543,4,11929,1995
2001,195556.5813,4,10010,1993
2002,186453.2645,3,13253,2006
2003,181869.3812,3,9801,2007
2004,175610.8401,3,9428,2007
2005,183438.7308,3,10037,2006
2006,179584.4887,3,8640,2007
2007,182386.1522,3,10625,2007
2008,160750.3672,2,7500,2007
2009,182477.505,3,10110,2003
2010,187720.3592,3,12774,2003
2011,187201.9421,3,13072,2005
2012,176385.1022,3,9260,2007
2013,175901.7878,3,8453,1995
2014,182584.2802,3,8480,1993
2015,195664.6861,3,14565,1994
2016,181420.3465,3,8450,2001
2017,176676.05,3,8285,1992
2018,181594.6789,3,9100,1963
2019,178521.748,3,8100,1961
2020,175895.8837,3,8450,1968
2021,168468.0059,3,6360,1963
2022,200973.1294,3,19508,1974
2023,197030.642,4,10759,1972
2024,192867.4178,4,9205,1990
2025,196449.2476,4,11025,1993
2026,141684.1964,1,3435,2004
2027,153353.3341,2,3180,2005
2028,151143.549,2,3180,2007
2029,163753.0871,3,2280,1999
2030,158682.46,2,4765,2000
2031,144959.8353,1,4538,2001
2032,160144.3905,2,4385,2001
2033,156286.5343,2,4109,1999
2034,165726.7076,3,2160,1999
2035,182427.481,3,10646,2001
2036,173310.5615,3,2645,1999
2037,173310.5615,3,2645,1999
2038,151556.014,2,3951,1998
2039,158908.1461,1,11064,1995
2040,209834.3831,3,24572,1977
2041,192410.5166,3,16280,1976
2042,174026.2473,3,7500,2002
2043,195499.8301,4,11104,1969
2044,200918.0188,4,11050,1968
2045,207243.616,4,15387,1967
2046,196149.7839,4,9750,1965
2047,192097.9149,4,8814,1968
2048,178570.9489,3,8125,1965
2049,228617.9683,6,11072,1965
2050,199929.8844,4,13355,1971
2051,160206.3656,2,7785,1956
2052,179854.4319,3,9900,1961
2053,185987.3405,3,11332,1960
2054,161122.5056,2,4882,1937
2055,175949.3427,3,9600,1960
2056,183683.5906,3,9600,1950
2057,176401.3476,3,7584,1953
2058,205832.5325,4,14670,1966
2059,177799.7998,3,8856,1957
2060,167565.3621,2,9840,1959
2061,186348.9584,3,13200,1958
2062,179782.7595,3,10425,1956
2063,169837.6233,2,11556,1952
2064,178817.2757,3,9373,1953
2065,174444.4791,2,12774,1953
2066,192834.9689,3,14250,1957
2067,196564.718,4,8838,1957
2068,206977.567,5,12436,1957
2069,157054.2539,1,10122,1948
2070,175142.9481,3,7506,1925
2071,159932.1644,2,5400,1940
2072,182801.4083,3,10836,1922
2073,181510.3752,3,10180,1968
2074,181613.0351,3,11355,1958
2075,186920.5126,3,12929,1960
2076,157950.1706,2,7200,1951
2077,176115.159,3,8000,1959
2078,182744.5143,3,8000,1962
2079,180660.6837,3,8064,1948
2080,160775.6298,2,6390,1954
2081,186711.7158,4,7200,1954
2082,223581.7582,6,8513,1961
2083,172330.9432,3,7200,1955
2084,163474.6334,2,7200,1954
2085,175308.2633,3,7590,1963
2086,187462.7253,3,9836,2008
2087,180655.1015,3,9184,1948
2088,152121.986,2,4800,1910
2089,159856.2339,2,4800,1940
2090,186559.8549,4,6000,1915
2091,183962.551,3,11426,1910
2092,162107.1687,2,7628,1940
2093,162582.289,2,7308,1920
2094,154407.7016,2,5400,1920
2095,181625.6664,3,10800,1940
2096,164810.6095,2,6756,1910
2097,176429.4012,3,5914,1890
2098,179188.0899,3,9000,1946
2099,145997.6354,1,7311,1946
2100,218676.7683,5,12205,1949
2101,188323.8612,4,9142,1900
2102,168690.0723,3,5350,1920
2103,165088.7468,2,9143,1900
2104,191435.0079,4,9600,1920
2105,168864.4047,3,6000,1905
2106,176041.8824,2,11340,1920
2107,215911.6744,5,10800,1890
2108,167388.2386,2,9750,1959
2109,163854.7868,2,8516,1958
2110,163299.478,2,7111,1928
2111,178298.2146,3,7425,1945
2112,176376.5862,3,7010,1935
2113,170211.044,3,5000,1941
2114,170818.3448,3,5870,1900
2115,174388.8674,3,6000,1940
2116,161112.9874,2,6000,1924
2117,172179.0823,3,6000,1937
2118,157798.3097,2,6000,1939
2119,169106.1514,3,5000,1926
2120,170129.5314,3,5520,1920
2121,157680.2274,2,5940,1946
2122,162690.2091,2,6240,1929
2123,146968.3794,1,6120,1945
2124,181507.7214,4,6240,1939
2125,191215.5898,4,6120,1923
2126,189432.6898,4,9144,1915
2127,207271.485,5,8094,1910
2128,170030.8075,3,4347,1910
2129,148409.8065,1,6291,1930
2130,193850.614,4,10266,1952
2131,193808.3193,4,6876,1938
2132,166300.2354,2,10320,1915
2133,163474.6334,2,7200,1925
2134,177473.6066,3,7006,1925
2135,157443.9255,1,10320,1912
2136,180681.008,3,10320,1915
2137,183463.1703,3,9488,1947
2138,182481.7631,3,11235,1963
2139,193717.1512,3,13014,1978
2140,182782.551,3,10265,1967
2141,175530.6516,3,7703,1978
2142,177804.0579,3,9981,1967
2143,159448.6708,2,7400,1984
2144,181338.9767,3,12900,1920
2145,178553.5585,3,9239,1963
2146,162820.9283,1,14175,1956
2147,188832.48,3,10532,1960
2148,164682.1859,2,8375,1941
2149,181549.7359,3,10200,1970
2150,199158.097,3,20270,1979
2151,152889.521,2,5190,1948
2152,181150.5517,2,19550,1940
2153,181416.7324,3,9571,1956
2154,164391.2382,2,9350,1975
2155,185421.0465,3,9360,1962
2156,193981.3276,4,9771,1995
2157,178824.3248,3,9938,1994
2158,209270.0516,4,14171,1993
2159,177801.2668,3,10541,1996
2160,179053.7622,3,10616,2007
2161,178762.1706,3,9345,2007
2162,184655.3005,3,11778,2008
2163,191284.6558,3,11778,2008
2164,179598.0858,3,11454,1995
2165,167517.6281,2,11500,1966
2166,182873.9038,3,9750,1994
2167,177484.9137,3,8696,1997
2168,188444.5973,3,13142,1997
2169,179184.1538,3,8998,2000
2170,184365.1758,3,12192,2000
2171,184479.322,3,12250,1978
2172,182927.8639,3,9216,1975
2173,178611.6394,2,14330,1975
2174,181943.3436,3,10400,2001
2175,175080.6148,3,9720,2001
2176,190720.7946,3,14860,2002
2177,198422.8681,4,10905,2003
2178,184482.1131,3,11690,1999
2179,139214.9522,1,4426,2004
2180,169233.1136,2,10126,1997
2181,180664.1187,3,9750,2004
2182,178818.7426,3,11058,2007
2183,180422.05,3,9627,2007
2184,178601.9365,3,9825,1966
2185,183083.1598,3,12102,1976
2186,173163.1015,3,6500,1976
2187,185968.1612,3,9638,1977
2188,171226.0507,3,7200,1976
2189,281643.9761,5,47007,1959
2190,160031.7113,2,6012,1955
2191,162775.9798,2,6845,1955
2192,160735.446,2,6931,1955
2193,166646.109,2,12180,1938
2194,188384.5484,4,8050,1947
2195,165830.6973,2,9520,1953
2196,182138.3585,3,7692,1954
2197,171595.398,3,5142,1923
2198,160337.0792,2,7290,1921
2199,191215.0887,4,7804,1930
2200,166956.0932,2,8969,1926
2201,186581.8309,3,15564,1914
2202,176450.5486,3,7609,1925
2203,193743.1949,4,9650,1923
2204,198882.5661,4,11700,1937
2205,176385.1022,3,9260,1938
2206,162447.6393,2,7801,1951
2207,193782.5557,4,9670,1935
2208,183653.8909,3,12392,1950
2209,210578.6235,3,26073,1956
2210,158527.1641,2,1879,1980
2211,163081.0257,2,7000,1926
2212,174388.8674,3,6000,1940
2213,191905.8701,4,8155,1930
2214,174388.8674,3,6000,1967
2215,161642.7116,2,7392,1930
2216,186939.5072,4,9000,1958
2217,172482.1658,2,14584,1952
2218,159695.9998,2,5280,1895
2219,157230.3697,2,5150,1910
2220,179188.0899,3,9000,1920
2221,157972.8212,2,3843,2007
2222,156804.9514,2,3811,2004
2223,211491.9725,3,23730,1996
2224,186537.2462,3,11050,1996
2225,200468.1611,4,10260,1976
2226,182241.3404,3,9990,1991
2227,157342.2259,2,4084,1986
2228,182022.3871,3,11563,2006
2229,181244.5109,3,12852,2007
2230,178556.6716,3,9802,2006
2231,189547.1999,3,12018,2008
2232,187948.6517,3,12890,1989
2233,194107.2876,3,18265,1986
2234,183521.7104,3,11202,2003
2235,183682.1236,3,7915,1999
2236,178483.3531,3,11449,2007
2237,184003.8798,3,11447,2005
2238,171318.5903,2,8940,1997
2239,162039.7543,2,9278,2007
2240,154846.2522,2,4500,1997
2241,194822.3657,3,14137,1964
2242,169788.7388,3,4224,1975
2243,178891.5545,4,2665,1976
2244,152084.7724,2,1974,1973
2245,139169.8664,1,1596,1973
2246,192439.536,3,17979,1968
2247,161067.8598,3,1477,1970
2248,158762.6485,2,6490,1983
2249,175569.6904,3,6600,1982
2250,183659.795,3,12395,1984
2251,280618.1326,4,56600,1900
2252,180051.8092,3,10667,1971
2253,176519.1803,3,8872,1997
2254,179028.4292,3,10147,1994
2255,177161.5839,3,8637,1999
2256,180081.5088,3,7875,1996
2257,205895.2546,5,7500,1999
2258,183389.7813,3,9556,1992
2259,178543.6479,3,7655,1993
2260,194798.3205,3,18160,1964
2261,162845.6137,2,4740,1988
2262,148103.867,1,5118,1990
2263,201016.1711,4,12328,2005
2264,277936.1269,4,51974,2006
2265,249768.2798,3,41600,1969
2266,161596.0522,2,8035,2006
2267,158011.1149,1,14082,2006
2268,194089.6839,3,13870,2006
2269,181733.3369,3,10960,1984
2270,182852.3277,3,12090,1981
2271,189893.0031,3,12299,1978
2272,194650.211,4,11339,1979
2273,187904.4613,3,11850,1984
2274,171774.9256,2,10400,1979
2275,177998.6859,2,13001,1971
2276,175648.4843,3,8991,1976
2277,196918.0714,4,8000,1974
2278,184299.8381,3,9457,1970
2279,182379.8557,3,7920,1970
2280,184050.7258,2,17199,1961
2281,158296.976,2,4113,2001
2282,175053.3556,2,10943,1997
2283,162293.3761,3,2205,1973
2284,186328.88,4,2058,1973
2285,151422.1169,2,2304,1978
2286,181969.3587,3,7150,1966
2287,189122.677,3,12469,2006
2288,185645.4752,3,11825,2006
2289,182829.8981,2,14333,2007
2290,195848.7882,3,13641,2007
2291,198785.0596,4,13440,2006
2292,181676.1266,2,15431,2005
2293,194131.0127,3,13891,2007
2294,201416.0049,4,13654,2005
2295,185096.5772,2,17169,2007
2296,195158.9726,3,16659,2007
2297,184795.7837,3,9709,2007
2298,189168.2639,3,13615,2006
2299,216855.2601,5,13069,2004
2300,184946.6425,3,14277,2003
2301,189317.5128,3,12568,2007
2302,180803.2778,3,9926,2005
2303,175061.1859,3,9254,2005
2304,179074.8391,3,10732,2006
2305,145708.7643,1,3901,2005
2306,142398.0228,1,3903,2005
2307,161474.5349,2,6289,2005
2308,157025.9452,2,4590,2006
2309,163424.0378,2,7841,2005
2310,164692.7786,2,6240,2006
2311,152163.2444,2,3242,2003
2312,192383.2155,3,15810,2007
2313,182520.2303,3,10237,2005
2314,187254.5075,3,13204,2006
2315,176489.6597,3,8857,2006
2316,181520.4668,3,9729,2006
2317,186414.9782,3,12216,2005
2318,185197.7646,3,8229,2007
2319,178657.7941,3,7713,2007
2320,179731.198,3,7697,2007
2321,161748.2713,2,3621,2003
2322,158608.7491,2,3710,2007
2323,178807.3706,2,16219,2004
2324,184187.1588,3,11084,2004
2325,181686.104,3,10936,2006
2326,190311.0502,3,11950,2003
2327,192252.4964,4,7875,2003
2328,193954.8495,4,8740,2002
2329,181044.2016,3,9487,2000
2330,180258.1312,3,9649,1999
2331,199641.6573,4,12191,1997
2332,197530.7752,4,10557,1998
2333,191777.1969,4,11002,1998
2334,195779.543,4,10790,1998
2335,202112.0465,4,11762,1992
2336,192343.3481,4,9044,1996
2337,185191.3594,3,9910,2007
2338,186760.208,3,11830,2007
2339,177733.7819,3,10612,2006
2340,164430.3912,1,12291,2007
2341,185299.6016,3,9965,2007
2342,186414.0123,3,8847,2005
2343,176401.9211,3,8251,2005
2344,182381.3226,3,9605,2006
2345,176334.1847,3,8778,2006
2346,184901.7358,3,8640,2007
2347,180085.7669,3,9000,2006
2348,184901.7358,3,8640,2007
2349,183967.5615,3,10411,2007
2350,193046.3016,3,12217,2007
2351,168538.9695,2,10440,2007
2352,170157.842,2,11824,2006
2353,196559.7093,4,10625,2004
2354,177133.7094,3,7500,2006
2355,181553.2796,3,7500,2006
2356,185770.6066,3,12450,2003
2357,177017.5951,3,7441,2006
2358,184123.3585,3,11613,1993
2359,165970.3575,2,8012,1980
2360,158151.985,2,6285,1977
2361,177086.4764,3,7476,1968
2362,196373.8962,3,19522,1990
2363,172465.7071,2,10751,1974
2364,168590.7824,2,12712,1973
2365,158820.4742,2,4379,2004
2366,151611.3706,2,3523,2006
2367,152125.0286,2,3784,2006
2368,158404.0731,2,3606,2006
2369,160692.0786,2,5330,2006
2370,170175.2268,3,2280,1999
2371,169854.4366,3,2117,2000
2372,183410.7858,3,7321,1999
2373,180347.194,3,8010,2003
2374,178930.5284,3,8413,1998
2375,153346.2201,1,9466,1994
2376,182675.2043,3,12000,1980
2377,180770.6498,2,17778,1981
2378,188714.1481,3,11700,1968
2379,191393.6086,4,8000,1970
2380,174016.1575,3,8723,1969
2381,183189.6853,3,11700,1968
2382,183621.5088,3,11358,1972
2383,168991.2964,2,9547,1993
2384,185306.6507,3,10530,1993
2385,189030.6803,3,10738,1966
2386,179208.6657,3,10800,1963
2387,174901.4528,3,8050,1967
2388,168337.4065,2,10899,1964
2389,158234.9646,2,7450,1956
2390,179562.4534,2,14357,1961
2391,174176.3916,3,8243,1961
2392,173931.5318,3,8680,1960
2393,184111.7294,3,8800,1966
2394,179374.482,3,9200,1965
2395,207348.8119,5,8800,1964
2396,186983.4193,3,11382,1964
2397,206779.094,3,22002,1959
2398,177472.0747,2,12172,1940
2399,156727.9483,2,5000,1946
2400,157090.5685,2,3500,1945
2401,160387.0327,2,5175,1958
2402,172410.2801,2,9600,1955
2403,191603.3657,4,8668,1968
2404,182152.2072,3,10050,1966
2405,180161.6973,3,9600,1961
2406,169652.2353,2,8760,1957
2407,182503.5201,3,6860,1956
2408,179714.6307,3,8250,1963
2409,180282.5707,3,9100,1960
2410,192600.3381,4,9736,1957
2411,166115.4912,2,9770,1957
2412,186379.5535,3,12198,1955
2413,184361.9923,3,10050,1955
2414,186220.9655,3,11556,1953
2415,198176.4709,4,8078,1958
2416,168437.7765,2,10950,1952
2417,178003.5823,3,7942,1953
2418,179180.4692,3,8540,1956
2419,191930.5611,4,7150,1955
2420,175590.2662,3,8400,1955
2421,176713.1931,3,9532,1953
2422,180159.0909,2,15783,1952
2423,188090.1008,3,14190,1890
2424,186184.7177,3,12099,1953
2425,223055.5887,4,21281,1935
2426,158270.7531,1,10284,1925
2427,184733.1285,3,10800,1895
2428,199926.379,4,10090,1963
2429,175075.7852,3,8700,1961
2430,180917.9251,3,8300,1968
2431,182067.7606,3,7200,1950
2432,178238.6019,3,7500,1959
2433,173454.9446,3,7315,1958
2434,176821.9363,3,7903,1960
2435,183642.1913,3,8000,1960
2436,177254.5827,3,7000,1961
2437,168715.9501,2,6600,1962
2438,180096.9312,3,6760,1962
2439,160620.7282,2,6978,1926
2440,175286.5444,3,6000,1927
2441,153494.7833,2,4480,1922
2442,156407.6592,2,3153,1920
2443,162162.5252,2,7200,1940
2444,166809.8868,2,9000,1900
2445,172929.1564,3,5925,1900
2446,193514.3309,4,9639,1900
2447,181612.1416,3,10337,1910
2448,191745.3864,4,9863,1927
2449,171369.325,3,4571,1910
2450,184425.4706,3,8398,1910
2451,170563.2524,3,3600,1930
2452,184522.3692,3,13500,1879
2453,164968.9479,2,8626,1956
2454,157939.6216,1,11800,1949
2455,151520.3816,1,6854,1925
2456,176129.5087,3,8674,1950
2457,171112.979,3,6125,1939
2458,169762.0816,3,6000,1939
2459,162246.8289,2,6120,1939
2460,171339.3034,3,6240,1938
2461,189034.7537,4,6240,1939
2462,175758.8736,3,6240,1930
2463,163351.7215,2,6120,1926
2464,189806.5466,4,7755,1918
2465,175370.9909,3,8850,1920
2466,196895.5999,4,8550,1926
2467,176905.918,3,5700,1929
2468,176866.5572,3,5680,1901
2469,163590.6772,2,5680,1901
2470,212693.503,5,13200,1963
2471,192686.9317,4,9780,1950
2472,181578.685,3,10320,1915
2473,166475.4576,3,4330,1958
2474,185998.2552,3,10320,1910
2475,185527.7149,3,12888,1937
2476,159027.1182,2,4484,1942
2477,181169.6549,3,11235,1963
2478,176732.9153,2,11235,1964
2479,191619.2946,3,14299,1964
2480,189114.3038,3,14149,1964
2481,180934.6353,3,11677,1966
2482,164573.3722,2,8425,1971
2483,173902.0113,3,8665,1968
2484,165625.1277,2,8398,1967
2485,179555.2196,3,8169,1966
2486,196899.7207,3,14175,1956
2487,207566.1247,4,16779,1920
2488,163899.9811,2,6960,1940
2489,189179.4282,3,11375,1954
2490,193892.88,3,13770,1958
2491,178980.8743,3,9000,1945
2492,179749.8762,3,11075,1984
2493,197999.675,3,17541,1948
2494,203717.4703,3,22692,1953
2495,185249.2612,2,17808,1946
2496,201691.2083,4,12671,1954
2497,181956.5483,3,10512,1954
2498,171895.9363,3,5400,1958
2499,187245.1684,3,11515,1958
2500,157816.7746,2,3869,1984
2501,191702.9126,4,9280,1951
2502,198599.42,4,11100,1951
2503,187193.3137,4,7550,1920
2504,220514.994,4,23920,1984
2505,181814.5276,3,9317,1994
2506,183750.7554,3,9178,2007
2507,183000.4317,3,10481,2006
2508,185830.9719,3,10235,2007
2509,185497.8723,3,11750,2005
2510,179613.4377,3,8760,2006
2511,164454.968,2,7242,2005
2512,185127.2372,3,9316,2005
2513,178750.6138,3,8883,1988
2514,160927.6104,0,20064,1976
2515,192562.8081,3,14217,1994
2516,180990.2415,3,10021,1997
2517,180064.9415,3,8428,1994
2518,196070.9974,3,16561,1996
2519,180352.919,3,10820,1999
2520,183367.9538,3,12352,1998
2521,176734.8415,3,9543,2001
2522,180848.2208,3,8826,2000
2523,187806.0594,3,11800,1974
2524,180521.5264,3,8660,1976
2525,181502.7545,3,9720,1977
2526,174525.8794,3,8982,1977
2527,188927.9841,3,16300,1977
2528,184728.8704,3,9675,1975
2529,179857.9755,3,7200,1972
2530,180962.8681,3,7200,1972
2531,179194.0664,3,11354,2000
2532,179591.7893,3,8749,2003
2533,180638.4637,3,8158,2002
2534,185846.2151,3,11927,1994
2535,195174.0311,4,12728,2001
2536,192474.5683,3,15295,1996
2537,164200.5955,1,17227,1999
2538,178403.0941,3,8145,2007
2539,170774.8402,2,8769,2005
2540,179879.9459,3,8334,2006
2541,177668.1928,3,8333,2006
2542,180174.3286,3,9045,2005
2543,170643.3036,2,9825,1967
2544,165448.0043,2,8308,1963
2545,195531.7549,3,16287,1925
2546,165314.1777,2,8240,1960
2547,172532.7577,3,6285,1976
2548,203310.2181,5,9555,1979
2549,175090.0625,3,7023,2005
2550,230841.3386,2,39290,2008
2551,155225.1901,2,3675,2005
2552,168322.3424,2,6400,1959
2553,165956.2593,2,6882,1955
2554,193956.8176,4,8741,1946
2555,171070.3679,2,10042,1920
2556,166285.2436,2,8172,1955
2557,182875.8013,3,8172,1955
2558,218108.5368,6,10890,1923
2559,174378.7776,3,7223,1926
2560,164731.3164,2,6821,1921
2561,156969.6951,2,4000,1930
2562,173388.8543,3,6720,1921
2563,177559.6287,3,7155,1926
2564,194297.7893,4,7230,1927
2565,174894.5884,2,13108,1951
2566,196544.1441,4,7810,1930
2567,179036.1585,3,6221,1941
2568,211423.9865,3,25485,1960
2569,208156.3989,3,21579,1968
2570,159233.9413,2,1782,1980
2571,210820.1151,4,17871,1995
2572,140196.1098,1,3907,1988
2573,198678.4691,3,20693,1971
2574,186818.6108,2,18044,1986
2575,175044.7976,3,7000,1940
2576,180031.1629,3,7288,1925
2577,176889.1715,3,9060,1923
2578,159638.8562,2,3672,1922
2579,154287.2644,1,11067,1939
2580,191885.6182,4,8250,1895
2581,177503.3786,3,6565,1957
2582,166548.3168,2,6060,1930
2583,164475.1494,2,5568,2006
2584,167484.7449,2,12150,1979
2585,188683.1606,3,10000,2002
2586,162243.3995,1,12864,2002
2587,180807.2139,3,9928,1991
2588,176279.0796,3,8750,1975
2589,163438.9591,2,8410,1974
2590,161495.5394,2,4054,1987
2591,216032.3037,4,19958,1958
2592,176632.1815,3,8368,2006
2593,168743.0016,2,8298,2006
2594,183810.1185,3,10331,1985
2595,156794.3605,2,6718,2001
2596,169136.4301,2,11305,2002
2597,183203.3188,3,7777,1996
2598,213252.9269,5,11800,2003
2599,190550.3279,3,12633,2006
2600,234707.2099,2,43500,1953
2601,135751.3189,0,6710,1996
2602,164228.4589,3,1504,1972
2603,153219.437,2,1533,1970
2604,164210.7465,3,1495,1970
2605,163883.2291,3,1890,1976
2606,154892.7763,1,9129,1977
2607,197092.0873,3,15957,1977
2608,228148.3764,3,33983,1977
2609,178680.5875,3,8286,1977
2610,165643.3412,2,6723,1971
2611,222406.6427,3,27697,1961
2612,184021.8436,3,11000,1976
2613,170871.0949,2,11625,1983
2614,189562.8737,3,10447,1984
2615,170591.885,2,11027,1954
2616,172934.3517,2,10533,1956
2617,186425.0699,3,11765,1957
2618,218648.1311,1,39384,1957
2619,183035.6068,3,11727,1969
2620,178378.9061,3,8238,1997
2621,184516.7166,3,13041,1995
2622,181419.5253,3,9783,1996
2623,196858.9234,4,13128,2005
2624,189228.7015,3,13751,2005
2625,208973.3808,4,13108,1994
2626,180269.869,3,8076,1993
2627,159488.7137,2,3701,1987
2628,191490.2995,3,16023,2005
2629,228684.2451,5,18062,2006
2630,201842.9987,4,12292,2006
2631,209242.8229,4,16052,2006
2632,202357.6226,4,15922,2005
2633,168238.6122,2,8147,2005
2634,202524.1247,3,18261,2005
2635,170588.7719,2,10464,1980
2636,198375.3151,4,10530,1978
2637,170636.8279,2,9927,1976
2638,181991.0795,3,9512,2005
2639,183994.5425,3,10530,1975
2640,182951.4822,3,10000,1974
2641,174126.2972,3,7200,1971
2642,170575.4967,2,8773,2002
2643,175332.2399,3,2760,1973
2644,167522.0615,3,2160,1973
2645,168095.5837,3,1890,1972
2646,154406.4156,2,1680,1972
2647,170996.9733,3,1680,1972
2648,159056.8902,2,4043,1975
2649,181373.6165,3,7514,1967
2650,152272.561,2,2280,1976
2651,168664.3468,3,2179,1976
2652,211007.0083,4,16387,2006
2653,182909.515,2,16163,2004
2654,203926.8294,4,12228,2006
2655,179082.8254,2,14780,2005
2656,206260.0998,4,13975,2005
2657,181732.4434,3,9942,2005
2658,189698.7407,3,12867,2005
2659,203074.3468,4,10672,2006
2660,201670.6344,4,11643,2005
2661,173756.8126,2,13758,2005
2662,181387.0764,2,14828,2004
2663,184859.1553,3,13215,2004
2664,158313.6157,2,5911,2005
2665,151951.9554,1,7740,2006
2666,162537.527,2,6373,2006
2667,178998.3371,3,10237,2005
2668,186732.5849,3,10237,2006
2669,187323.3184,3,11660,2006
2670,199437.2328,4,11631,2004
2671,185546.6809,3,9073,2006
2672,161595.0158,2,3087,2006
2673,154672.4228,2,2938,2002
2674,159355.7101,2,3072,2004
2675,155919.0141,2,3010,2005
2676,182424.871,3,9171,2004
2677,178100.5896,3,8658,2000
2678,202577.9,4,12104,2006
2679,177862.7789,3,9660,1998
2680,182056.0247,3,9545,2000
2681,191403.1992,4,9233,2000
2682,196264.755,4,10019,1995
2683,209375.0034,4,17242,1993
2684,196691.8193,4,10236,1994
2685,192458.4315,3,12585,1993
2686,182242.8093,3,12447,2005
2687,183259.5039,2,15218,2006
2688,188108.2437,3,10936,2006
2689,171418.6402,2,8640,2006
2690,194698.8822,3,13162,2006
2691,174841.8401,3,8125,2005
2692,172965.4765,3,7733,2005
2693,189386.3237,3,11024,2005
2694,185682.6183,3,13072,2005
2695,176412.0127,3,7800,2005
2696,174976.4897,3,7632,2005
2697,180718.5817,3,8304,1997
2698,186131.1882,3,9370,1992
2699,165220.7864,2,7175,1990
2700,164115.8938,2,7175,1991
2701,182125.7291,3,9019,1994
2702,182285.1402,3,9100,1962
2703,196325.4422,4,8927,1977
2704,164865.2153,2,9240,1962
2705,182694.4922,3,9308,1965
2706,185425.4855,3,8450,1968
2707,171414.7041,2,8638,1963
2708,183433.4725,3,13052,1965
2709,176844.9812,3,8020,1964
2710,180568.1878,3,8789,1967
2711,185948.6255,3,14330,1974
2712,189388.2917,3,11025,1992
2713,142754.4892,1,3628,2004
2714,156106.8008,2,2544,2005
2715,155895.3976,2,2998,2000
2716,159851.9777,2,4447,2003
2717,185157.8323,3,8314,1997
2718,180716.2917,3,7180,2001
2719,176901.094,2,13110,1972
2720,181017.2225,3,10140,1967
2721,183269.1594,3,9600,1968
2722,193550.8301,4,8640,1968
2723,170625.8427,2,9360,1968
2724,182012.4059,3,8400,1968
2725,179162.5073,3,9759,1966
2726,183269.1594,3,9600,1967
2727,180589.8362,3,8800,1965
2728,181465.9352,3,10368,1964
2729,196053.0299,4,9350,1964
2730,183421.0203,3,10800,1960
2731,167926.8391,2,8550,1934
2732,168027.531,2,9724,1947
2733,182164.2669,3,9600,1961
2734,172469.0716,2,10858,1952
2735,181059.3743,3,9600,1951
2736,182997.5701,3,9462,1949
2737,166140.5042,2,9888,1954
2738,198515.5469,4,8917,1967
2739,193789.6485,3,12700,1964
2740,173550.0257,2,9723,1963
2741,176487.9432,3,8400,1957
2742,188813.3026,3,9610,1958
2743,178531.912,3,10000,1956
2744,182145.7315,3,10152,1956
2745,179196.465,3,8092,1954
2746,169618.3499,2,12778,1952
2747,170010.1687,2,10170,1951
2748,181739.6717,3,7700,1956
2749,172846.935,2,11050,1956
2750,195560.883,3,13600,1955
2751,180358.1143,2,15428,1951
2752,211817.7028,3,21299,1941
2753,176170.1287,2,13300,1956
2754,234492.2483,5,22136,1925
2755,182450.9565,3,7500,1947
2756,174902.0681,2,10410,1930
2757,173684.1743,2,10914,1929
2758,147196.6737,1,7008,1900
2759,175231.1897,3,7200,1915
2760,193417.6474,4,10818,1910
2761,183313.6012,3,10184,1963
2762,180882.2508,3,9510,1962
2763,186735.698,3,10800,1961
2764,172922.8654,2,11650,1959
2765,202551.6772,3,18275,1962
2766,190485.6341,3,12144,1950
2767,173439.4936,2,8544,1950
2768,196613.5988,4,8512,1960
2769,178152.2597,3,7000,1961
2770,174519.9048,3,7400,1962
2771,172627.7969,3,7000,1962
2772,173732.6895,3,7000,1962
2773,209219.8448,5,9856,1900
2774,181059.3743,3,9600,1948
2775,188515.443,4,5520,1920
2776,182164.2669,3,9600,1900
2777,188137.9016,4,6451,1900
2778,158893.5431,2,3960,1930
2779,189579.6507,4,7745,1900
2780,165229.8035,2,7741,1924
2781,162186.0712,2,5633,1925
2782,166374.8799,2,7200,1950
2783,161665.185,2,7614,1905
2784,175079.3288,3,6000,1955
2785,203840.874,5,6000,1924
2786,152129.0789,1,7830,1921
2787,181012.1414,3,9576,1945
2788,161305.535,2,5747,1920
2789,203326.393,5,6300,1910
2790,168385.5711,2,5976,1920
2791,183564.3652,3,9750,1958
2792,163784.6194,2,4761,1918
2793,171989.1922,2,11737,1924
2794,180839.9562,3,6120,1930
2795,170895.9232,3,6120,1930
2796,174071.0548,2,11672,1925
2797,259423.8591,5,33120,1962
2798,188000.8247,3,10320,1924
2799,179171.7036,3,7518,1910
2800,171022.2414,2,9000,1919
2801,174126.2972,3,7200,1930
2802,187625.5733,3,12375,1951
2803,199567.9464,4,11136,1964
2804,205328.0782,3,21370,1950
2805,166231.535,2,8250,1935
2806,154743.9161,2,5220,1936
2807,159714.537,2,5500,2004
2808,185563.0691,3,11327,1967
2809,171500.7967,2,10366,1964
2810,180983.4438,3,9000,1966
2811,183141.2369,3,9535,1967
2812,178498.6345,3,7176,1978
2813,224323.7105,6,9662,1977
2814,218200.6421,6,8235,1977
2815,182283.1778,2,17529,1924
2816,190054.6392,2,20355,1967
2817,160192.4539,1,13050,1963
2818,171289.3936,2,10820,1971
2819,151131.0987,2,1700,1980
2820,181721.4582,3,9375,1954
2821,172725.0539,3,6488,1942
2822,222438.6991,4,19950,1928
2823,235419.3734,5,19800,1935
2824,185150.926,3,11679,1962
2825,184772.2396,3,12048,1952
2826,180658.2164,3,10519,1955
2827,209673.3166,5,9525,1953
2828,205939.8106,4,12128,1989
2829,165633.5733,2,9069,1993
2830,186030.3172,3,11003,2005
2831,160312.3196,2,7488,2005
2832,190702.4403,3,13377,2006
2833,175122.8103,2,11645,2005
2834,183783.1394,3,10984,2005
2835,178290.6663,3,9316,2005
2836,181605.344,3,9316,2005
2837,187992.4514,3,12000,1968
2838,188885.1178,3,13015,1996
2839,189959.3448,3,12438,1995
2840,179258.6192,3,8685,1998
2841,181518.7503,3,9272,1999
2842,193008.6592,3,13426,1999
2843,186313.8939,3,8340,1977
2844,181499.3919,3,10385,1978
2845,174126.2972,3,7200,1972
2846,183918.6121,3,9930,2002
2847,184114.2709,3,9468,1999
2848,158540.9478,1,11088,2002
2849,197034.7591,4,8726,2002
2850,185170.2845,3,10566,1999
2851,221134.5336,4,21533,1996
2852,184306.6376,3,11250,1998
2853,199792.3027,4,11250,1995
2854,143237.8036,1,4435,2003
2855,177294.8389,3,8810,2003
2856,182368.6209,3,8581,2006
2857,176487.9432,3,8400,2005
2858,183849.4088,3,8772,2005
2859,184964.1415,3,8777,1910
2860,196395.9696,4,7840,1975
2861,188374.9367,2,16133,1969
2862,176261.2968,3,7162,2003
2863,163628.1422,2,8050,2002
2864,180618.0326,3,11060,2003
2865,161647.3298,2,3675,2005
2866,167129.5989,3,2522,2004
2867,174750.9884,3,6956,1948
2868,177560.2021,3,7822,1915
2869,192577.7961,4,8707,1924
2870,199202.899,3,16012,1954
2871,182818.1567,3,8248,1922
2872,148217.2625,1,8088,1922
2873,188997.7971,3,11388,1910
2874,185807.9289,3,10890,1938
2875,177030.4778,3,6430,1945
2876,175942.4746,3,7000,1926
2877,172912.5186,3,4899,1920
2878,198359.2489,4,9399,1919
2879,184379.133,3,10164,1939
2880,194255.5669,4,6191,1941
2881,209449.6516,3,21780,1920
2882,169979.324,2,12400,1940
2883,188206.2819,4,8170,1929
2884,186412.4386,3,12320,1932
2885,196761.3864,3,14210,1930
2886,208353.2696,4,15600,1950
2887,166548.0672,2,7288,1942
2888,175942.4746,3,7000,1926
2889,166790.4579,2,8534,1925
2890,160515.8506,2,7030,1925
2891,192167.6211,4,9060,1957
2892,178751.5511,2,12366,1945
2893,198678.8941,4,9000,1951
2894,164553.1203,2,8520,1916
2895,156887.9329,2,5748,2005
2896,164185.7773,2,3842,2004
2897,212992.1206,3,23580,1979
2898,197468.5505,4,8385,1978
2899,180106.8437,3,9116,2001
2900,183972.0711,3,11080,1975
2901,245283.1983,2,50102,1958
2902,170351.9634,2,8098,2000
2903,195596.3077,3,13618,2005
2904,189369.7563,3,11577,2005
2905,223667.4046,3,31250,1951
2906,169335.3106,2,7020,1997
2907,167411.0284,3,2665,1977
2908,187709.555,3,10172,1968
2909,196526.003,4,11836,1970
2910,137402.5699,1,1470,1970
2911,165086.7751,3,1484,1972
2912,188506.4314,3,13384,1969
2913,172917.4568,3,1533,1970
2914,166274.3252,3,1526,1970
2915,167081.2209,3,1936,1970
2916,164788.7782,3,1894,1970
2917,219222.4234,4,20000,1960
2918,184924.2797,3,10441,1992
2919,187741.8667,3,9627,1993
